<?xml version="1.0" encoding="UTF-8"?>
<project-private xmlns="http://www.netbeans.org/ns/project-private/1">
    <editor-bookmarks xmlns="http://www.netbeans.org/ns/editor-bookmarks/2" lastBookmarkId="0"/>
    <open-files xmlns="http://www.netbeans.org/ns/projectui-open-files/2">
        <group>
            <file>file:/D:/NetBeansProjects/EGG/Relaciones/RelacionesPrjExtra01/src/Enumeraciones/nombresPersonas.java</file>
            <file>file:/D:/NetBeansProjects/EGG/Relaciones/RelacionesPrjExtra01/src/Entidad/Persona.java</file>
            <file>file:/D:/NetBeansProjects/EGG/Relaciones/RelacionesPrjExtra01/src/relacionesprjextra01/RelacionesPrjExtra01.java</file>
            <file>file:/D:/NetBeansProjects/EGG/Relaciones/RelacionesPrjExtra01/src/Enumeraciones/nombresPerros.java</file>
            <file>file:/D:/NetBeansProjects/EGG/Relaciones/RelacionesPrjExtra01/src/Entidad/Perro.java</file>
        </group>
    </open-files>
</project-private>
